Month,Day,militaryTime,Shade,Transect,Stick,MeanTemp,MaxTemp,MinTemp,SDTemp,SETemp,,
6,16,12,0.5,1,1,14.89090909,16.1,14.1,0.528118444,0.159233702,,
6,16,12,0,1,2,16.50909091,19.6,14.6,1.808565479,0.545303009,,
6,16,12,0,1,3,20.19090909,29.8,16.5,4.442399024,1.339433703,,
6,16,12,1,2,1,12.81818182,13.7,10,0.976543068,0.294438813,,
6,16,12,0.5,2,2,16.23636364,23,14.1,2.955088062,0.890992575,,
6,16,12,0.5,2,3,15.68181818,18.1,13.7,1.160015674,0.349757886,,
6,16,12,0.5,3,1,11.91818182,13.1,9.6,1.132976771,0.34160535,,
6,16,12,0,3,2,11.93636364,13,11.1,0.58184659,0.175433348,,
6,16,12,0,3,3,16.32727273,29.1,12.6,4.680617675,1.411259329,,
6,16,12,0,4,1,14.81818182,17.2,12.6,1.40983558,0.425081421,,
6,16,12,0,4,2,20.44545455,25.5,17.1,3.157329136,0.951970553,,
6,16,12,0.5,4,3,19.60909091,29.9,14.1,4.822541767,1.454051052,,
6,16,12,0.5,5,1,14.76363636,15.8,13.9,0.643852044,0.194128695,,
6,16,12,0,5,2,16.73636364,19.8,13.9,2.174521891,0.655643019,,
6,16,12,1,5,3,15.41818182,18.5,13.8,1.536110791,0.46315483,,
6,16,16,0.5,1,1,20.19090909,21.5,18.8,0.898281187,0.270841968,,
6,16,16,0,1,2,19.77272727,21,19.1,0.515928113,0.155558179,,
6,16,16,0,1,3,23.82727273,26.2,22.1,1.488684593,0.448855293,,
6,16,16,1,2,1,18,19.5,13.8,1.567163042,0.472517436,,
6,16,16,0.5,2,2,18.33636364,18.9,16.9,0.714524635,0.215437284,,
6,16,16,0.5,2,3,15.63636364,16.4,14.5,0.704659815,0.212462928,,
6,16,16,0.5,3,1,21.60909091,26.8,19.7,2.562598113,0.772652403,,
6,16,16,0,3,2,23.10909091,30,20.4,3.056617263,0.921604781,,
6,16,16,0,3,3,19.64545455,20.5,18,0.738056416,0.222532382,,
6,16,16,0,4,1,15.08181818,15.4,14,0.517335833,0.155982622,,
6,16,16,0,4,2,18.66363636,22.5,17.1,1.691905865,0.510128812,,
6,16,16,0.5,4,3,24.05454545,29.9,20.1,3.176590511,0.957778076,,
6,16,16,0.5,5,1,16.39090909,17,13.5,1.007426966,0.303750659,,
6,16,16,0,5,2,14.42727273,15.5,11.9,1.021852151,0.308100016,,
6,16,16,1,5,3,14.06363636,17,12.3,1.385115683,0.417628092,,
6,16,20,0.5,1,1,11.04545455,14.5,9.7,1.22585777,0.369610025,,
6,16,20,0,1,2,10.35454545,11.3,9.9,0.432119512,0.130288935,,
6,16,20,0,1,3,9.7,10.6,9,0.479583152,0.144599761,,
6,16,20,1,2,1,10.61818182,11.5,8.5,0.774361907,0.2334789,,
6,16,20,0.5,2,2,11.03636364,12.5,10,0.767167162,0.231309603,,
6,16,20,0.5,2,3,10.30909091,11.1,9.4,0.599090219,0.180632498,,
6,16,20,0.5,3,1,11.03636364,11.8,10.5,0.352909981,0.106406363,,
6,16,20,0,3,2,11.06363636,13.1,10.4,0.704659815,0.212462928,,
6,16,20,0,3,3,10.90909091,11.6,9.5,0.622020169,0.187546138,,
6,16,20,0,4,1,11.06363636,11.3,10.5,0.283805311,0.085570521,,
6,16,20,0,4,2,11.02727273,12.1,10.1,0.64821433,0.195443974,,
6,16,20,0.5,4,3,10.55454545,11.1,10,0.369766511,0.111488798,,
6,16,20,0.5,5,1,11.14545455,11.9,10,0.569848465,0.171815777,,
6,16,20,0,5,2,10.63636364,11.5,9.5,0.761935335,0.229732147,,
6,16,20,1,5,3,10.34545455,10.7,10,0.262158869,0.079043873,,
6,16,8,0.5,1,1,11.02727273,13.6,8.4,1.772620043,0.534465053,,
6,16,8,0,1,2,11.77272727,13.5,7.9,1.876214758,0.565700034,,
6,16,8,0,1,3,12.06363636,15.1,10.7,1.51213275,0.455925179,,
6,16,8,1,2,1,9.654545455,11.2,5.6,1.445242981,0.435757154,,
6,16,8,0.5,2,2,10.46363636,11.6,8.5,0.786476608,0.237131619,,
6,16,8,0.5,2,3,10.72727273,12.1,8.5,0.915522702,0.276040481,,
6,16,8,0.5,3,1,10.61818182,23.3,6.7,4.361150807,1.314936444,,
6,16,8,0,3,2,10.75454545,15.1,8.3,1.892280971,0.57054418,,
6,16,8,0,3,3,10.42727273,12,9.2,0.862659735,0.260101697,,
6,16,8,0,4,1,9.354545455,11.2,5.5,2.034386215,0.613390523,,
6,16,8,0,4,2,10.16363636,14.5,6.6,2.300118574,0.693511844,,
6,16,8,0.5,4,3,12.41818182,14.3,9.4,1.431655113,0.431660258,,
6,16,8,0.5,5,1,13.07272727,14.6,9.6,1.71060861,0.515767902,,
6,16,8,0,5,2,11.79090909,13.4,11.4,0.571759644,0.172392019,,
6,16,8,1,5,3,11.34545455,13,8,1.94749256,0.5871911,,
6,23,12,0.5,1,1,40.73636364,47.2,38.5,2.494503048,0.752120968,,
6,23,12,0,1,2,43.26363636,47.8,40.9,2.205571458,0.665004816,,
6,23,12,0,1,3,42.24545455,46.5,39.8,2.105879216,0.634946474,,
6,23,12,1,2,1,37.10909091,42.1,34.1,1.896551895,0.571831912,,
6,23,12,0.5,2,2,41.12727273,51.8,37.8,4.081198576,1.23052767,,
6,23,12,0.5,2,3,38.63636364,42.2,35.2,2.060229466,0.621182557,,
6,23,12,0.5,3,1,32.74545455,33.8,30.3,1.065235783,0.321180673,,
6,23,12,0,3,2,34.91818182,39.4,32.1,2.403255368,0.724608757,,
6,23,12,0,3,3,38.7,52.1,35.9,4.789780788,1.444173246,,
6,23,12,0,4,1,40.21818182,47.1,36.8,3.812825247,1.149610067,,
6,23,12,0,4,2,43.7,52,37.7,4.614758932,1.39140217,,
6,23,12,0.5,4,3,39.38181818,44.6,36.5,2.28158637,0.687924174,,
6,23,12,0.5,5,1,35.07272727,36.6,33.1,1.15593331,0.348527007,,
6,23,12,0,5,2,37.63636364,41,35.6,1.785089761,0.538224814,,
6,23,12,1,5,3,36.11818182,38.5,30.8,2.098960782,0.632860488,,
6,23,16,0.5,1,1,44.23636364,50.1,39.6,3.4627367,1.044054398,,
6,23,16,0,1,2,48.91818182,52.7,45.2,2.338297749,0.705023298,,
6,23,16,0,1,3,44.64545455,50.4,39.7,2.50613792,0.755629014,,
6,23,16,1,2,1,37.38181818,40,30.9,2.446556021,0.737664395,,
6,23,16,0.5,2,2,36.30909091,38,31.4,2.147302748,0.647436139,,
6,23,16,0.5,2,3,35.65454545,37.2,31,1.876360113,0.565743861,,
6,23,16,0.5,3,1,45.44545455,51.7,42,3.756158579,1.132524424,,
6,23,16,0,3,2,44.52727273,49.2,42.6,2.078504707,0.626692749,,
6,23,16,0,3,3,41.34545455,44.5,40.4,1.279346424,0.38573746,,
6,23,16,0,4,1,39.33636364,41,37.9,0.948970734,0.286125442,,
6,23,16,0,4,2,43.07272727,49.5,41.3,2.433964219,0.733867824,,
6,23,16,0.5,4,3,43.72727273,45.8,42.1,1.279133229,0.38567318,,
6,23,16,0.5,5,1,33.21818182,35,29,1.979301989,0.596782004,,
6,23,16,0,5,2,32.62727273,34.1,29.1,1.547960535,0.466727662,,
6,23,16,1,5,3,37.18181818,40.1,35.4,1.283602884,0.387020831,,
6,23,20,0.5,1,1,27.15454545,28.5,25.5,1.103053613,0.332583178,,
6,23,20,0,1,2,26.85454545,30.1,24.4,1.739174308,0.524380784,,
6,23,20,0,1,3,25.63636364,27.8,23.7,1.753438181,0.528681504,,
6,23,20,1,2,1,27.51818182,30,24.3,1.935364659,0.583534401,,
6,23,20,0.5,2,2,26.77272727,28.8,24.4,1.93240312,0.582641463,,
6,23,20,0.5,2,3,25.89090909,28.1,23.3,1.876941419,0.565919131,,
6,23,20,0.5,3,1,27.40909091,28.5,26.1,0.728635088,0.219691745,,
6,23,20,0,3,2,26.84545455,28.4,25.9,0.982205311,0.296146044,,
6,23,20,0,3,3,26.27272727,27.4,24.6,1.016947304,0.306621149,,
6,23,20,0,4,1,25.5,26.7,24.3,0.914330356,0.275680975,,
6,23,20,0,4,2,24.61818182,27.4,22.1,1.56129317,0.470747603,,
6,23,20,0.5,4,3,23.17272727,24.8,20.7,1.7430381,0.525545761,,
6,23,20,0.5,5,1,23.76363636,25.8,21,2.021025842,0.609362219,,
6,23,20,0,5,2,22.80909091,25.1,20.2,2.038849943,0.614736388,,
6,23,20,1,5,3,21.7,24.9,18.8,2.256102835,0.680240599,,
6,23,8,0.5,1,1,23.55454545,26.1,20.3,2.123847281,0.640364049,,
6,23,8,0,1,2,22.70909091,24.8,19.5,1.462500971,0.440960634,,
6,23,8,0,1,3,23.07272727,24,21,0.802609381,0.241995834,,
6,23,8,1,2,1,27.52727273,29.4,24.4,1.527802938,0.460649918,,
6,23,8,0.5,2,2,28.76363636,30.3,26.1,1.174114754,0.354008918,,
6,23,8,0.5,2,3,29.17272727,30.1,26.7,1.024783791,0.308983939,,
6,23,8,0.5,3,1,24.99090909,26.5,22.6,1.518851241,0.45795088,,
6,23,8,0,3,2,26.74545455,28.1,24.2,1.081076904,0.325956951,,
6,23,8,0,3,3,27.65454545,29.8,25.5,1.096689233,0.330664245,,
6,23,8,0,4,1,26.83636364,29.5,22,2.827109028,0.852405444,,
6,23,8,0,4,2,26.94545455,28.4,24.2,1.196130124,0.360646802,,
6,23,8,0.5,4,3,29.07272727,31.8,27.1,1.429049271,0.430874567,,
6,23,8,0.5,5,1,26.84545455,29,24.1,1.502240751,0.452942629,,
6,23,8,0,5,2,28.25454545,32,26.4,1.92788155,0.581278158,,
6,23,8,1,5,3,25.67272727,27.8,19.8,2.386248482,0.719480988,,
6,27,8,0.5,1,1,21.72727273,22.6,20.9,0.705819962,0.212812726,,
6,27,8,0,1,2,22.31818182,22.8,21.9,0.378993883,0.114270955,,
6,27,8,0,1,3,22.61818182,23.8,21.5,0.59635255,0.179807059,,
6,27,8,1,2,1,21.04545455,22.6,19.9,0.718837445,0.216737645,,
6,27,8,0.5,2,2,21.27272727,22.8,20.5,0.737686802,0.22242094,,
6,27,8,0.5,2,3,21.53636364,23,19.9,0.938373835,0.282930357,,
6,27,8,0.5,3,1,20.72727273,24.4,19.5,1.27991477,0.385908823,,
6,27,8,0,3,2,21.00909091,24,20,1.175971552,0.354568764,,
6,27,8,0,3,3,20.95454545,23.1,18,1.515495718,0.456939152,,
6,27,8,0,4,1,19.40909091,20.5,18.9,0.59741869,0.180128512,,
6,27,8,0,4,2,19.20909091,20.8,18.2,0.972064345,0.293088428,,
6,27,8,0.5,4,3,18.77272727,19.8,18.1,0.666469668,0.200948166,,
6,27,8,0.5,5,1,17.26363636,17.6,16.9,0.185864075,0.056040127,,
6,27,8,0,5,2,17.77272727,18.3,17.3,0.325855517,0.098249135,,
6,27,8,1,5,3,17.42727273,17.9,16.2,0.502177079,0.151412086,,
6,30,16,0.5,1,1,31.08181818,35.5,26.3,2.916785279,0.879443851,,
6,30,16,0,1,2,35.55454545,39.3,33.6,1.939775057,0.584864186,,
6,30,16,0,1,3,31.98181818,33.7,30.8,0.838830355,0.252916868,,
6,30,16,0,1,4,42.71818182,45.1,39.9,1.518432206,0.457824536,,
6,30,16,1,2,1,26.32727273,27.6,22.5,1.479250424,0.446010784,,
6,30,16,0.5,2,2,26.6,28.1,24.8,0.905538514,0.273030135,,
6,30,16,0.5,2,3,25.16363636,26.5,23,1.046205264,0.315442756,,
6,30,16,0.5,2,4,41.68181818,44.1,38.6,1.966122164,0.592808137,,
6,30,16,0.5,3,1,31.5,37.8,28.3,3.340957946,1.007336723,,
6,30,16,0,3,2,33.25454545,39.5,30,3.182566146,0.959579798,,
6,30,16,0,3,3,30.64545455,32.2,29,0.80294911,0.242098266,,
6,30,16,0,3,4,44.05454545,47,42.4,1.871023055,0.564134677,,
6,30,16,0,4,1,27.68181818,29.7,26.8,0.806000226,0.243018212,,
6,30,16,0,4,2,27.87272727,32.2,25.5,2.191844387,0.660865948,,
6,30,16,0.5,4,3,28.94545455,32.4,27.4,1.372125094,0.413711282,,
6,30,16,0.5,4,4,42.24545455,44.8,36.8,2.580450982,0.778035245,,
6,30,16,0.5,5,1,23.78181818,24.5,22.6,0.7277612,0.219428258,,
6,30,16,0,5,2,23.61818182,24.5,22,0.780792139,0.235417688,,
6,30,16,1,5,3,25.18181818,26.2,22.3,1.334779519,0.402451167,,
6,30,16,1,5,4,36.74545455,40.5,31.4,2.84512342,0.857836988,,
6,9,12,0.5,1,1,27.67272727,30.5,26.1,1.47789777,0.445602944,,
6,9,12,0,1,2,30.81818182,44.1,26.6,5.89912166,1.778652104,,
6,9,12,0,1,3,29.91818182,40.2,25.6,4.8854515,1.473019051,,
6,9,12,1,2,1,24.61818182,26,23.1,0.937889313,0.282784268,,
6,9,12,0.5,2,2,30.3,40.2,24.1,5.182470453,1.562573635,,
6,9,12,0.5,2,3,25.52727273,27.5,23.3,1.282256534,0.386614892,,
6,9,12,0.5,3,1,22.86363636,25.7,21.7,1.359612244,0.409938516,,
6,9,12,0,3,2,25.18181818,33.5,20.6,4.899350606,1.477209789,,
6,9,12,0,3,3,26.57272727,32.6,22.6,2.667992095,0.804429884,,
6,9,12,0,4,1,30.32727273,43.7,25.6,6.199046848,1.86908295,,
6,9,12,0,4,2,27.43636364,36,23.5,4.306105602,1.29833969,,
6,9,12,0.5,4,3,28.38181818,35.9,22.1,5.316543648,1.602998224,,
6,9,12,0.5,5,1,19.9,23.7,17.6,1.949358869,0.587753814,,
6,9,12,0,5,2,22.06363636,27.5,19.9,2.39009319,0.720640211,,
6,9,12,1,5,3,17.39090909,19.1,16.6,0.888205545,0.267804048,,
6,9,16,0.5,1,1,32.81818182,35.4,29.4,1.665423779,0.502144163,,
6,9,16,0,1,2,34.20909091,44.3,29.9,4.55180284,1.372420194,,
6,9,16,0,1,3,29.85454545,33.6,27.9,1.807408994,0.544954316,,
6,9,16,1,2,1,25.25454545,26.2,24.6,0.413191569,0.124581946,,
6,9,16,0.5,2,2,25.01818182,25.7,24.5,0.289199522,0.087196937,,
6,9,16,0.5,2,3,24.47272727,25.3,23.3,0.792579219,0.238971626,,
6,9,16,0.5,3,1,26.47272727,32.7,24,3.277221661,0.98811951,,
6,9,16,0,3,2,25.55454545,29.5,23.9,1.711936702,0.516168337,,
6,9,16,0,3,3,26.16363636,27.9,25,0.891372792,0.268759009,,
6,9,16,0,4,1,26.1,29,24.8,1.37113092,0.413411527,,
6,9,16,0,4,2,25.26363636,27.2,24,1.08191749,0.326210397,,
6,9,16,0.5,4,3,25.09090909,28.9,23.1,1.613353368,0.486444343,,
6,9,16,0.5,5,1,23.77272727,24.6,22,0.823517953,0.248300005,,
6,9,16,0,5,2,23.26363636,23.7,22.3,0.398177667,0.120055084,,
6,9,16,1,5,3,22.6,23,22.2,0.309838668,0.093419873,,
6,9,20,0.5,1,1,23.8,24.8,22.6,0.811171992,0.244577558,,
6,9,20,0,1,2,23.58181818,25.1,21.6,0.964176521,0.290710159,,
6,9,20,0,1,3,23.47272727,24.5,21.8,0.7630084,0.230055689,,
6,9,20,1,2,1,23.7,26,21.4,1.063954886,0.320794468,,
6,9,20,0.5,2,2,23.06363636,25,21.5,0.855888693,0.258060151,,
6,9,20,0.5,2,3,23.15454545,24.5,21,0.880185931,0.265386043,,
6,9,20,0.5,3,1,23.77272727,25.6,22.9,0.765625116,0.230844658,,
6,9,20,0,3,2,23.33636364,26.6,22.2,1.117383307,0.336903743,,
6,9,20,0,3,3,22.90909091,23.3,21.9,0.476349757,0.143624856,,
6,9,20,0,4,1,22.11818182,22.8,21,0.716684284,0.216088442,,
6,9,20,0,4,2,22.37272727,23.3,20.6,0.833175743,0.251211938,,
6,9,20,0.5,4,3,21.78181818,22.5,20.9,0.541882241,0.163383643,,
6,9,20,0.5,5,1,22.14545455,23.8,20.8,0.801702733,0.241722469,,
6,9,20,0,5,2,22.02727273,24.4,19.1,1.240234582,0.373944796,,
6,9,20,1,5,3,20.25454545,21.7,16.9,1.502240751,0.452942629,,
6,9,8,0.5,1,1,10.67272727,11.6,9.4,0.784972495,0.236678112,,
6,9,8,0,1,2,11.44545455,13,10.6,0.924514615,0.278751645,,
6,9,8,0,1,3,13.93636364,22.8,11.5,4.364463937,1.31593539,,
6,9,8,1,2,1,12.57272727,13.3,11.7,0.513986204,0.154972672,,
6,9,8,0.5,2,2,12.95454545,18.9,10.1,2.490125955,0.750801225,,
6,9,8,0.5,2,3,11.01818182,12.7,10.1,0.946380665,0.285344507,,
6,9,8,0.5,3,1,10.19090909,12.2,9.2,0.964836303,0.290909091,,
6,9,8,0,3,2,11.27272727,13,10,0.9950788,0.300027547,,
6,9,8,0,3,3,12.40909091,13.1,11.6,0.470009671,0.141713248,,
6,9,8,0,4,1,18.41818182,20.8,16.2,1.506531236,0.454236258,,
6,9,8,0,4,2,20.44545455,22.8,17.9,1.459015858,0.439909833,,
6,9,8,0.5,4,3,,,,,0,,
6,9,8,0.5,5,1,18,19.3,17,0.614817046,0.185374314,,
6,9,8,0,5,2,20.29090909,21.7,19.2,0.955462763,0.288082862,,
6,9,8,1,5,3,19.28181818,21.4,16.9,1.558087406,0.469781029,,
7,10,12,0.5,1,1,47.5,54.2,45.4,2.55695131,0.770949827,,
7,10,12,0,1,2,49.51818182,55.6,46.7,2.917470885,0.879650569,,
7,10,12,0,1,3,49.54545455,56,41.7,3.859627867,1.163721588,,
7,10,12,0,1,4,45.5,54.8,42.4,3.739518686,1.127507307,,
7,10,12,1,2,1,41.07272727,42.4,37.8,1.324455291,0.399338296,,
7,10,12,0.5,2,2,48.81818182,58,44.5,4.465381995,1.346363329,,
7,10,12,0.5,2,3,46.91818182,54.3,40.4,4.074510567,1.22851116,,
7,10,12,0.5,2,4,43.16363636,53.1,40.2,4.037393399,1.217319912,,
7,10,12,0.5,3,1,39.61818182,41.2,37.5,1.489173047,0.449002568,,
7,10,12,0,3,2,40.71818182,42.4,39.5,0.966248603,0.291334916,,
7,10,12,0,3,3,47.16363636,60.5,44.2,4.756947073,1.434273508,,
7,10,12,0,3,4,42.72727273,49.4,40.2,3.37226657,1.016776628,,
7,10,12,0,4,1,49.46363636,60.5,44.2,5.771702128,1.740233669,,
7,10,12,0,4,2,48.30909091,57.4,42.3,5.601152479,1.688811015,,
7,10,12,0.5,4,3,47.65454545,56,44.8,3.650852951,1.100773582,,
7,10,12,0.5,4,4,29.13636364,32,23.4,2.704541635,0.815449985,,
7,10,12,0.5,5,1,38.16363636,42.4,36.7,1.610759279,0.485662196,,
7,10,12,0,5,2,45.2,55,42.9,3.446447446,1.039143004,,
7,10,12,1,5,3,43.48181818,46.1,41.4,1.580391206,0.476505877,,
7,10,12,1,5,4,31.26363636,33.3,25.6,2.323907368,0.700684435,,
7,11,16,0.5,1,1,38.20909091,42.9,35.6,2.438628527,0.735274166,,
7,11,16,0,1,2,43.35454545,49,40.9,2.957148504,0.891613821,,
7,11,16,0,1,3,41.99090909,46.2,38.8,2.118704578,0.638813466,,
7,11,16,0,1,4,59.58181818,62.9,57.2,2.006398855,0.604952016,,
7,11,16,1,2,1,41.38181818,42.9,35.6,2.075966369,0.625927411,,
7,11,16,0.5,2,2,38.86363636,40.1,36.8,1.281618295,0.386422455,,
7,11,16,0.5,2,3,37.41818182,38.8,34.5,1.389113517,0.418833484,,
7,11,16,0.5,2,4,55.10909091,57.5,51,2.213347937,0.667349513,,
7,11,16,0.5,3,1,52.21818182,58,48.5,3.696976652,1.114680401,,
7,11,16,0,3,2,53.92727273,62.6,49.3,4.465890932,1.34651678,,
7,11,16,0,3,3,53.6,56.6,49.3,2.232487402,0.673120278,,
7,11,16,0,3,4,58.07272727,62.6,55.3,2.426969678,0.731758891,,
7,11,16,0,4,1,49.09090909,55.6,46.9,2.687919101,0.810438102,,
7,11,16,0,4,2,51.55454545,61.3,46.6,5.702870091,1.719480029,,
7,11,16,0.5,4,3,52.59090909,56.6,50,2.184698856,0.65871149,,
7,11,16,0.5,4,4,56.66363636,63.1,53.5,2.835585558,0.854961214,,
7,11,16,0.5,5,1,43.00909091,44.5,39.1,1.830002484,0.551766509,,
7,11,16,0,5,2,40.19090909,42.9,36.4,2.537106441,0.764966374,,
7,11,16,1,5,3,46.72727273,49,43,1.594422095,0.48073635,,
7,11,16,1,5,4,54.88181818,64.1,52.1,3.242165382,0.977549644,,
7,14,12,0.5,1,1,40.77272727,42.6,36.4,1.571044817,0.473687835,,
7,14,12,0,1,2,43.81818182,48.8,42,2.404919201,0.725110422,,
7,14,12,0,1,3,44.35454545,48.2,41.5,1.908593009,0.575462444,,
7,14,12,0,1,4,37.50909091,43.5,33.6,3.29407181,0.993200021,,
7,14,12,1,2,1,39.73636364,44.3,38.6,1.674677717,0.50493433,,
7,14,12,0.5,2,2,46.90909091,60.6,43,5.242032916,1.580532393,,
7,14,12,0.5,2,3,43.46363636,47.7,41,1.958199544,0.590419377,,
7,14,12,0.5,2,4,36.55454545,48.9,31.9,5.85241209,1.764568638,,
7,14,12,0.5,3,1,34.70909091,35.8,32.9,1.058729942,0.319219088,,
7,14,12,0,3,2,44.36363636,51,40.3,3.422651816,1.031968351,,
7,14,12,0,3,3,45.02727273,59,40.4,5.40057236,1.628333834,,
7,14,12,0,3,4,36.99090909,43.6,33.6,3.69687829,1.114650744,,
7,14,12,0,4,1,40.6,47.4,36.9,3.611370931,1.088869305,,
7,14,12,0,4,2,43.43636364,47.8,37.4,3.167103638,0.954917676,,
7,14,12,0.5,4,3,42.27272727,47.9,38.7,2.928170387,0.882876591,,
7,14,12,0.5,4,4,26.19090909,28,23.4,1.746112565,0.526472747,,
7,14,12,0.5,5,1,37.42727273,39.5,35.6,1.11093736,0.334960217,,
7,14,12,0,5,2,40.70909091,49.3,38,3.557092786,1.072503829,,
7,14,12,1,5,3,38.2,42.9,34.6,2.217656421,0.668648569,,
7,14,12,1,5,4,28.24545455,30.1,22.5,2.24916146,0.678147696,,
7,14,8,0.5,1,1,24.7,27.5,21.5,2.385372088,0.719216746,,
7,14,8,0,1,2,24.74545455,26,23.5,0.752812907,0.226981632,,
7,14,8,0,1,3,25.05454545,26.3,23.8,0.700519288,0.211214512,,
7,14,8,0,1,4,24.19090909,25.5,22.4,0.987374848,0.297704718,,
7,14,8,1,2,1,25.77272727,27.8,23.9,1.377019179,0.415186904,,
7,14,8,0.5,2,2,25.9,28.8,23.9,1.682260384,0.50722059,,
7,14,8,0.5,2,3,25.30909091,27,22,1.225931928,0.369632384,,
7,14,8,0.5,2,4,26.43636364,28.7,24,1.601419825,0.482846245,,
7,14,8,0.5,3,1,24.02727273,25.9,21.7,1.345429975,0.405662401,,
7,14,8,0,3,2,24.39090909,25.4,22.9,0.664009858,0.200206505,,
7,14,8,0,3,3,26.86363636,29.3,25.3,1.240381173,0.373988995,,
7,14,8,0,3,4,24.01818182,24.9,22.4,0.705433458,0.21269619,,
7,14,8,0,4,1,24.1,26,21.1,2.034698995,0.61348483,,
7,14,8,0,4,2,23.38181818,24.5,21.1,1.053392787,0.317609876,,
7,14,8,0.5,4,3,26.46363636,28.6,25.1,1.367678857,0.412370691,,
7,14,8,0.5,4,4,24.80909091,25.8,24.1,0.528118444,0.159233702,,
7,14,8,0.5,5,1,23.85454545,25.5,21.9,0.991326017,0.29889604,,
7,14,8,0,5,2,23.30909091,25.5,22.3,1.067196838,0.321771954,,
7,14,8,1,5,3,22.41818182,23.8,19,1.483791213,0.447379884,,
7,14,8,1,5,4,21.45454545,22.2,20.1,0.668376595,0.201523126,,
7,21,12,0.5,1,1,33.64545455,38.8,30.6,2.068991849,0.623824514,,
7,21,12,0,1,2,36.14545455,42,33.3,2.980054911,0.898520363,,
7,21,12,0,1,3,37.98181818,42.6,35.5,2.854756796,0.86074156,,
7,21,12,0,1,4,41.45454545,48.5,38.8,3.05756885,0.921891695,,
7,21,12,1,2,1,30.76363636,32.3,28.6,0.885745705,0.267062379,,
7,21,12,0.5,2,2,34.65454545,40.3,32.6,2.395564082,0.722289747,,
7,21,12,0.5,2,3,34.65454545,39.8,33.3,1.806855631,0.544787471,,
7,21,12,0.5,2,4,42,48,39.8,2.944486373,0.887796045,,
7,21,12,0.5,3,1,32.76363636,33.9,31.8,0.560843521,0.169100684,,
7,21,12,0,3,2,34.20909091,38,32.3,1.889684918,0.569761441,,
7,21,12,0,3,3,38.74545455,47.5,35.5,3.577251357,1.078581867,,
7,21,12,0,3,4,43.39090909,47.9,41.5,2.136564787,0.644198522,,
7,21,12,0,4,1,36.39090909,41.2,34.3,2.535923716,0.764609769,,
7,21,12,0,4,2,40.14545455,46.5,35.4,3.700638766,1.11578457,,
7,21,12,0.5,4,3,40.68181818,46.2,37.5,3.012911609,0.90842703,,
7,21,12,0.5,4,4,36.79090909,38,36,0.744922205,0.224602496,,
7,21,12,0.5,5,1,36.03636364,38.6,34.5,1.260375125,0.380017398,,
7,21,12,0,5,2,37.06363636,39.4,36.1,0.865185214,0.260863157,,
7,21,12,1,5,3,37.99090909,39,36.2,0.775183263,0.233726548,,
7,21,12,1,5,4,34.04545455,35,31.9,1.032824899,0.311408424,,
7,21,16,0.5,1,1,31.20909091,33.3,29.5,1.480847423,0.446492298,,
7,21,16,0,1,2,35.02727273,38,33.8,1.15593331,0.348527007,,
7,21,16,0,1,3,35.47272727,36.2,34,0.629429756,0.189780212,,
7,21,16,0,1,4,47.74545455,51.5,46.1,1.770516103,0.533830691,,
7,21,16,1,2,1,32.17272727,33.1,30,1.044117722,0.314813338,,
7,21,16,0.5,2,2,31.91818182,33.1,30.6,0.86234353,0.260006357,,
7,21,16,0.5,2,3,33.15454545,34.2,32.1,0.64863493,0.19557079,,
7,21,16,0.5,2,4,46.79090909,47.6,45,0.756907584,0.228216223,,
7,21,16,0.5,3,1,38.08181818,43.6,36.3,2.477021672,0.746850135,,
7,21,16,0,3,2,38.2,44.8,34.4,3.276278376,0.987835098,,
7,21,16,0,3,3,37.66363636,41.1,35.8,1.569249966,0.473146667,,
7,21,16,0,3,4,49.33636364,54.4,47,2.531905499,0.763398231,,
7,21,16,0,4,1,35.44545455,37.8,34.1,1.141370787,0.344136241,,
7,21,16,0,4,2,38.49090909,43.6,36,2.630001728,0.792975357,,
7,21,16,0.5,4,3,40.56363636,43.1,39.1,1.555810224,0.469094433,,
7,21,16,0.5,4,4,47.07272727,49.5,46,1.199242185,0.361585124,,
7,21,16,0.5,5,1,33.43636364,34.5,32.1,1.005258899,0.303096962,,
7,21,16,0,5,2,32.45454545,33.5,29.7,1.258064892,0.379320837,,
7,21,16,1,5,3,35.66363636,36.5,34,0.732492631,0.220854838,,
7,21,16,1,5,4,46.02727273,50.3,43.1,2.346525478,0.707504052,,
7,21,20,0.5,1,1,22.94545455,23.9,22.2,0.735341603,0.221713835,,
7,21,20,0,1,2,22.98181818,23.9,21.5,0.907544139,0.273634854,,
7,21,20,0,1,3,21.83636364,23.6,19.6,1.483423559,0.447269032,,
7,21,20,0,1,4,27.99090909,29.5,27,0.674469488,0.203360202,,
7,21,20,1,2,1,24.15454545,25.6,22.4,1.229929784,0.370837783,,
7,21,20,0.5,2,2,23.91818182,25.3,21.6,1.406995509,0.424225108,,
7,21,20,0.5,2,3,23.30909091,24.9,21.3,1.335256189,0.402594889,,
7,21,20,0.5,2,4,26.50909091,27.5,25.3,0.795555838,0.23986911,,
7,21,20,0.5,3,1,25.30909091,26.1,24.6,0.448228838,0.13514608,,
7,21,20,0,3,2,25.46363636,26.4,24.7,0.567930854,0.171237595,,
7,21,20,0,3,3,24.49090909,25.3,22.9,0.763484833,0.230199339,,
7,21,20,0,3,4,27.06363636,27.6,26,0.64695089,0.195063033,,
7,21,20,0,4,1,25.67272727,26.8,24.6,0.795098622,0.239731254,,
7,21,20,0,4,2,24.96363636,26,23.5,0.972905676,0.293342099,,
7,21,20,0.5,4,3,23.96363636,25.4,21.9,1.425673684,0.42985679,,
7,21,20,0.5,4,4,27.14545455,27.9,25.9,0.873342586,0.263322697,,
7,21,20,0.5,5,1,26.11818182,27.8,24.1,1.353379608,0.408059305,,
7,21,20,0,5,2,25.14545455,27.5,22.5,1.879555073,0.566707177,,
7,21,20,1,5,3,23.96363636,26.2,21.2,2.096317117,0.632063393,,
7,21,20,1,5,4,26.77272727,28.1,25.3,1.078045369,0.325042909,,
7,3,20,0.5,1,1,17.72727273,19.6,16.3,0.818646333,0.246831157,,
7,3,20,0,1,2,16.82727273,17.5,16.5,0.349545159,0.105391831,,
7,3,20,0,1,3,15.62727273,16.5,13.9,0.882146143,0.26597707,,
7,3,20,0,1,4,13.88181818,14.6,13.6,0.296034396,0.089257729,,
7,3,20,1,2,1,16.84545455,17.2,14.5,0.81408063,0.245454545,,
7,3,20,0.5,2,2,16.33636364,17.1,14.9,0.928733253,0.280023612,,
7,3,20,0.5,2,3,15.61818182,16.5,14.3,0.802269508,0.241893358,,
7,3,20,0.5,2,4,13.14545455,14,12.1,0.871049524,0.262631313,,
7,3,20,0.5,3,1,16.15454545,16.5,16,0.150755672,0.045454545,,
7,3,20,0,3,2,15.70909091,16.3,14.6,0.559382777,0.168660253,,
7,3,20,0,3,3,15.59090909,16,14.6,0.639459999,0.192804444,,
7,3,20,0,3,4,13.41818182,14,12.5,0.56181524,0.169393668,,
7,3,20,0,4,1,15.57272727,15.9,14.5,0.569369667,0.171671414,,
7,3,20,0,4,2,14.48181818,15,13.7,0.44004132,0.13267745,,
7,3,20,0.5,4,3,14.18181818,14.6,13.1,0.599696893,0.180815417,,
7,3,20,0.5,4,4,13.45454545,14,12.3,0.691901202,0.208616062,,
7,3,20,0.5,5,1,15.1,15.6,14,0.565685425,0.170560573,,
7,3,20,0,5,2,14.09090909,15.1,12.1,1.100413146,0.331787047,,
7,3,20,1,5,3,13.15454545,14.4,11.3,1.179291004,0.355569616,,
7,3,20,1,5,4,14.15454545,14.8,13.1,0.516456458,0.155717481,,
8,18,12,0.5,1,1,41.5,45,39.9,1.674514855,0.504885225,,
8,18,12,0,1,2,42.16363636,46.5,39.9,2.324337638,0.700814166,,
8,18,12,0,1,3,41.19090909,44.5,39.4,1.836003565,0.553575904,,
8,18,12,0,1,4,47.47272727,52,45.5,2.306551933,0.695451575,,
8,18,12,1,2,1,36.16363636,37.2,35.5,0.514339824,0.155079292,,
8,18,12,0.5,2,2,41.01818182,46.4,39,2.561959477,0.772459847,,
8,18,12,0.5,2,3,44.23636364,49.4,41.3,2.671805654,0.805579715,,
8,18,12,0.5,2,4,48.96363636,59,46.1,3.878987684,1.169558792,,
8,18,12,0.5,3,1,41.31818182,44.2,40.1,1.30139785,0.392386216,,
8,18,12,0,3,2,42.09090909,46,39.5,2.121063198,0.639524617,,
8,18,12,0,3,3,45.56363636,56.1,42.8,3.862194383,1.164495422,,
8,18,12,0,3,4,49.04545455,53.8,47.3,2.000681702,0.60322823,,
8,18,12,0,4,1,47.02727273,57.1,44,4.059086328,1.223860577,,
8,18,12,0,4,2,48.51818182,53.6,45.5,2.892686703,0.872177857,,
8,18,12,0.5,4,3,47.89090909,52.8,45.3,2.859179793,0.862075144,,
8,18,12,0.5,4,4,39.82727273,40.5,37.6,0.795098622,0.239731254,,
8,18,12,0.5,5,1,43.19090909,45.7,41.6,1.140574018,0.343896006,,
8,18,12,0,5,2,46.79090909,56,44.4,3.45614078,1.042065654,,
8,18,12,1,5,3,46.90909091,52.6,44.5,2.61780616,0.789298255,,
8,18,12,1,5,4,38.40909091,39.2,35.2,1.30648731,0.393920745,,
8,18,8,0.5,1,1,24.51818182,26.7,23,1.292917771,0.389829376,,
8,18,8,0,1,2,25.06363636,27,22.5,1.411575522,0.425606034,,
8,18,8,0,1,3,25.28181818,26.5,22.7,1.140015949,0.343727742,,
8,18,8,0,1,4,26.35454545,27.8,25.1,1.023096903,0.308475323,,
8,18,8,1,2,1,26.6,28.7,25.2,1.283744523,0.387063537,,
8,18,8,0.5,2,2,26.62727273,28.4,25.1,1.307739201,0.394298205,,
8,18,8,0.5,2,3,26.43636364,27.2,25.5,0.447823017,0.13502372,,
8,18,8,0.5,2,4,27.15454545,30.5,24.8,1.779530071,0.536548504,,
8,18,8,0.5,3,1,25.01818182,26.3,23.7,0.909745219,0.274298504,,
8,18,8,0,3,2,25.24545455,26.4,23.8,0.748817249,0.225776896,,
8,18,8,0,3,3,26.64545455,29.8,24.4,2.014131891,0.607283614,,
8,18,8,0,3,4,25.25454545,26.4,24.2,0.665377541,0.200618877,,
8,18,8,0,4,1,24.42727273,26.9,22.8,1.354319688,0.40834275,,
8,18,8,0,4,2,24.81818182,25.5,23.3,0.640028408,0.192975826,,
8,18,8,0.5,4,3,26.18181818,28.6,24.7,1.105276601,0.333253434,,
8,18,8,0.5,4,4,27.88181818,29.5,25,1.241626499,0.374364475,,
8,18,8,0.5,5,1,25.16363636,25.9,24.3,0.498543333,0.150316471,,
8,18,8,0,5,2,24.92727273,26.8,23.7,0.89229021,0.269035621,,
8,18,8,1,5,3,24.83636364,26.7,20.3,1.81012305,0.545772635,,
8,18,8,1,5,4,23.50909091,24.5,21.9,0.775183263,0.233726548,,
8,2,12,0.5,1,1,43.06363636,45.6,42,1.500848245,0.452522772,,
8,2,12,0,1,2,48.34545455,58.5,44,5.222521161,1.574649377,,
8,2,12,0,1,3,49.00909091,55.8,43.7,4.332309902,1.306240584,,
8,2,12,0,1,4,53.26363636,59.8,50.5,3.279412364,0.988780031,,
8,2,12,1,2,1,35.19090909,36.2,32.3,1.320192823,0.398053113,,
8,2,12,0.5,2,2,43.14545455,47.4,40.5,2.716381283,0.819019773,,
8,2,12,0.5,2,3,45.25454545,59.3,42,5.017641605,1.512875867,,
8,2,12,0.5,2,4,55.25454545,69.5,50.4,5.854974575,1.765341257,,
8,2,12,0.5,3,1,37.98181818,38.5,37,0.493595344,0.148824596,,
8,2,12,0,3,2,39.67272727,44.6,37.3,2.120891751,0.639472923,,
8,2,12,0,3,3,48.19090909,64.5,43.9,6.115628266,1.843931301,,
8,2,12,0,3,4,54.73636364,60.6,52.3,2.620790998,0.790198218,,
8,2,12,0,4,1,51.99090909,66.1,46.2,6.514361756,1.964153972,,
8,2,12,0,4,2,53.00909091,60.4,47,4.528234655,1.365314119,,
8,2,12,0.5,4,3,52.05454545,58.9,47.4,4.544307128,1.370160152,,
8,2,12,0.5,4,4,40.87272727,41.6,37.7,1.275218341,0.384492797,,
8,2,12,0.5,5,1,47.38181818,51.1,43.8,1.879264847,0.566619671,,
8,2,12,0,5,2,53.26363636,74.2,47.7,7.966965888,2.402130597,,
8,2,12,1,5,3,51.84545455,59.1,48.7,3.537333356,1.066546136,,
8,2,12,1,5,4,38.5,40,34.8,1.6,0.482418151,,
8,2,16,0.5,1,1,40.74545455,44.8,37.2,2.632627447,0.793767041,,
8,2,16,0,1,2,44.68181818,47.4,42.8,1.134740659,0.342137182,,
8,2,16,0,1,3,39.23636364,40.6,36.3,1.486117578,0.448081309,,
8,2,16,0,1,4,58.6,63.8,55.8,2.905167809,0.875941052,,
8,2,16,1,2,1,40.51818182,41.9,36.1,1.786515145,0.538654584,,
8,2,16,0.5,2,2,39.08181818,40.6,35.9,1.368077616,0.412490922,,
8,2,16,0.5,2,3,38.41818182,39.5,35.1,1.405573322,0.423796302,,
8,2,16,0.5,2,4,57.37272727,59.5,54.8,1.488012708,0.448652712,,
8,2,16,0.5,3,1,50.36363636,61.1,47,4.024493192,1.213430354,,
8,2,16,0,3,2,53.14545455,66.3,47.1,6.17840815,1.862860149,,
8,2,16,0,3,3,46.99090909,48,45.9,0.553993764,0.167035405,,
8,2,16,0,3,4,57.95454545,63.2,53.9,2.669967654,0.805025537,,
8,2,16,0,4,1,46.15454545,47.1,45.3,0.576825167,0.173919332,,
8,2,16,0,4,2,49.10909091,58.5,45.5,4.398512145,1.326201311,,
8,2,16,0.5,4,3,50.34545455,55.2,47,3.039856456,0.916551207,,
8,2,16,0.5,4,4,58.75454545,65,55.5,3.065408174,0.92425534,,
8,2,16,0.5,5,1,45.91818182,47.1,41.5,1.577858157,0.475742134,,
8,2,16,0,5,2,42.01818182,44.1,36.8,2.792782907,0.842055729,,
8,2,16,1,5,3,50.72727273,57.1,46.5,3.84736037,1.160022798,,
8,2,16,1,5,4,56.48181818,64.5,53.5,3.154938409,0.951249722,,
8,2,20,0.5,1,1,32.46363636,32.9,32.1,0.261811869,0.078939249,,
8,2,20,0,1,2,29.65454545,31.4,26.2,1.860840475,0.561064514,,
8,2,20,0,1,3,29.00909091,30.4,26,1.71782103,0.517942528,,
8,2,20,0,1,4,39.09090909,39.8,38.4,0.330013774,0.099502897,,
8,2,20,1,2,1,33.08181818,33.9,30.5,0.981649817,0.295978556,,
8,2,20,0.5,2,2,32.33636364,33.3,28.8,1.282398321,0.386657642,,
8,2,20,0.5,2,3,31.83636364,32.7,28.1,1.522677068,0.45910441,,
8,2,20,0.5,2,4,38.40909091,39.1,35.5,1.060617316,0.319788153,,
8,2,20,0.5,3,1,34.79090909,35.3,34.6,0.211917651,0.063895576,,
8,2,20,0,3,2,34.54545455,35,33.3,0.506682615,0.152770557,,
8,2,20,0,3,3,33.33636364,34,32.3,0.510436533,0.153902405,,
8,2,20,0,3,4,37.70909091,38,36.3,0.550371775,0.165943334,,
8,2,20,0,4,1,35.17272727,35.4,34,0.412530991,0.124382774,,
8,2,20,0,4,2,33.43636364,34.7,31,1.201060138,0.362133257,,
8,2,20,0.5,4,3,33.05454545,34,30.5,1.095777018,0.330389202,,
8,2,20,0.5,4,4,37.25454545,37.9,35.4,0.939535669,0.283280663,,
8,2,20,0.5,5,1,35.95454545,36.5,33.4,0.982205311,0.296146044,,
8,2,20,0,5,2,32.85454545,34.8,28.5,2.397233254,0.722793022,,
8,2,20,1,5,3,32.07272727,33.6,27.8,2.068860029,0.623784769,,
8,2,20,1,5,4,37.55454545,38.5,36.1,0.73261673,0.220892255,,
8,2,8,0.5,1,1,26.64545455,30,22.9,2.88872416,0.870983106,,
8,2,8,0,1,2,27.54545455,29.8,23.5,1.678310839,0.506029758,,
8,2,8,0,1,3,28.17272727,29.4,27,0.776003749,0.233973934,,
8,2,8,0,1,4,28.88181818,31.4,26.7,1.095279126,0.330239082,,
8,2,8,1,2,1,28.01818182,30.8,26.5,1.381172098,0.416439056,,
8,2,8,0.5,2,2,28.30909091,30.4,26.9,1.174269599,0.354055606,,
8,2,8,0.5,2,3,29.21818182,30,27.4,0.716684284,0.216088442,,
8,2,8,0.5,2,4,30.62727273,32.5,29.1,1.195902094,0.360578048,,
8,2,8,0.5,3,1,25.03636364,27.3,23.1,1.447254454,0.436363636,,
8,2,8,0,3,2,25.94545455,27.4,24.5,1.040541817,0.313735162,,
8,2,8,0,3,3,29.16363636,32.3,27.1,1.786769558,0.538731292,,
8,2,8,0,3,4,27.3,29,25.8,0.82097503,0.247533285,,
8,2,8,0,4,1,25.88181818,28.9,21.8,2.607611237,0.78622437,,
8,2,8,0,4,2,24.88181818,26.6,21.9,1.444173246,0.435434617,,
8,2,8,0.5,4,3,28.98181818,32.5,26.7,1.91406279,0.577111645,,
8,2,8,0.5,4,4,33.09090909,34.2,31.4,1.085775801,0.327373722,,
8,2,8,0.5,5,1,26.2,30.3,23.9,1.792205345,0.540370243,,
8,2,8,0,5,2,24.48181818,26.1,22.5,1.000817847,0.301757935,,
8,2,8,1,5,3,24.67272727,26.8,19.5,2.280390716,0.687563671,,
8,2,8,1,5,4,24.49090909,26,22.1,1.415241708,0.42671143,,
